id,code,estimation_date,estimation_due_date,estimation_id,vender_id,vender_name,honorific,vender_contact_person,remarks,estimated_delivery_date,closing_date,deposit_due_date,deposit_method,created,updated
1,test,test,test,test,test,test,test,test,test,test,test,test,test,2024-11-15 03:29:44,2024-11-15 03:29:44
2,test,test,test,test,test,test,test,test,test,test,test,test,test,2024-11-15 03:30:34,2024-11-15 03:30:34
3,test,test,test,test,test,test,test,test,test,test,test,test,test,2024-11-15 03:30:34,2024-11-15 03:30:34
4,test,test,test,test,test,test,test,test,test,test,test,test,test,2024-11-15 03:30:35,2024-11-15 03:30:35
5,test,test,test,test,test,test,test,test,test,test,test,test,test,2024-11-15 03:30:36,2024-11-15 03:30:36
6,test,test,test,test,test,test,test,test,test,test,test,test,test,2024-11-15 03:30:36,2024-11-15 03:30:36
7,test,test,test,test,test,test,test,test,test,test,test,test,test,2024-11-15 03:30:36,2024-11-15 03:30:36
8,4,test,test,test,test,test,test,test,test,test,test,test,test,2024-11-15 03:30:36,2024-11-15 03:30:36
9,test,test,test,test,test,test,test,test,test,test,test,test,test,2024-11-15 03:30:37,2024-11-15 03:30:37
10,test,test,test,test,test,test,test,test,test,test,test,test,test,2024-11-15 03:30:37,2024-11-15 03:30:37
11,hoge,hoge,hoge,hoge,hoge,hoge,hoge,hoge,hoge,hoge,hoge,hoge,hoge,2024-11-15 03:30:55,2024-11-15 03:30:55
12,test,test,test,test,test,test,test,test,test,test,test,test,test,2024-11-15 03:30:55,2024-11-15 03:30:55
13,test,test,test,test,test,test,test,test,test,test,test,test,test,2024-11-15 03:30:55,2024-11-15 03:30:55
14,5,test,test,test,test,test,test,test,test,test,test,test,test,2024-11-15 03:30:56,2024-11-15 03:30:56
15,test,test,test,test,test,test,test,test,test,test,test,test,test,2024-11-15 03:30:56,2024-11-15 03:30:56
16,test,test,test,test,test,test,test,test,test,test,test,test,test,2024-11-15 03:30:56,2024-11-15 03:30:56
17,test,test,test,test,test,test,test,test,test,test,test,test,test,2024-11-15 03:30:56,2024-11-15 03:30:56
18,test,test,test,test,test,test,test,test,test,test,test,test,test,2024-11-15 03:30:57,2024-11-15 03:30:57
19,test,test,test,test,test,test,test,test,test,test,test,test,test,2024-11-15 03:30:57,2024-11-15 03:30:57
20,test,test,test,test,test,test,test,test,test,test,test,test,test,2024-11-15 03:30:57,2024-11-15 03:30:57
21,test,test,test,test,test,test,test,test,test,test,test,test,test,2024-11-15 03:30:57,2024-11-15 03:30:57
22,test,test,test,test,test,test,test,test,test,test,test,test,test,2024-11-15 03:30:58,2024-11-15 03:30:58
23,test,test,test,test,test,test,test,test,test,test,test,test,test,2024-11-15 03:30:58,2024-11-15 03:30:58
24,test,test,test,test,test,test,test,test,test,test,test,test,test,2024-11-15 03:30:58,2024-11-15 03:30:58
25,test,test,test,test,test,test,test,test,test,test,test,test,test,2024-11-15 03:30:58,2024-11-15 03:30:58
26,test,test,test,test,test,test,test,test,test,test,test,test,test,2024-11-15 03:30:59,2024-11-15 03:30:59
27,test,test,test,test,test,test,test,test,test,test,test,test,test,2024-11-15 03:31:00,2024-11-15 03:31:00
28,test,test,test,test,test,test,test,test,test,test,test,test,test,2024-11-15 03:31:00,2024-11-15 03:31:00
29,test,test,test,test,test,test,test,test,test,test,test,test,test,2024-11-15 03:31:00,2024-11-15 03:31:00
30,test,test,test,test,test,test,test,test,test,test,test,test,test,2024-11-15 03:31:00,2024-11-15 03:31:00
31,test,test,test,test,test,test,test,test,test,test,test,test,test,2024-11-15 03:31:00,2024-11-15 03:31:00
32,test,test,test,test,test,test,test,test,test,test,test,test,test,2024-11-15 03:31:01,2024-11-15 03:31:01
33,3,test,test,test,test,test,test,test,test,test,test,test,test,2024-11-15 03:31:01,2024-11-15 03:31:01
34,2,test,test,test,test,test,test,test,test,test,test,test,test,2024-11-15 03:31:01,2024-11-15 03:31:01
35,1,test,test,test,test,test,test,test,test,test,test,test,test,2024-11-15 03:51:28,2024-11-15 03:51:28
36,host,test,test,test,test,test,test,test,test,test,test,test,test,2024-11-15 08:46:08,2024-11-15 08:46:08
